product_title,product_url,product_image,product_brand_type,product_brand_name,product_offers_type,product_offers_price,product_offers_priceCurrency,product_rating_value,product_reviewCount,sale_price,sale_price_currency
Digital Products Best Seller | Discover Over 100 Actionable Digital Product Ideas For Top Sellers + AI Bonus | Digital Products Hustle,https://www.etsy.com/listing/1531911470/digital-products-best-seller-discover,https://i.etsystatic.com/45843102/r/il/22fcee/5236778792/il_fullxfull.5236778792_fijo.jpg,Brand,ArtiCraftAI,Offer,1.99,USD,5,15,0.99,USD
500 Digital Product Ideas To Sell On Etsy | Printables to sell on Etsy | Passive income ideas | Earn with Etsy Selling Digital Product Ebook,https://www.etsy.com/listing/1334390240/500-digital-product-ideas-to-sell-on,https://i.etsystatic.com/38998832/r/il/d3b57b/4353602298/il_fullxfull.4353602298_hsvk.jpg,Brand,CreativeCraftersHQ,Offer,2.99,USD,5,1,0.99,USD
250 Halloween Digital Product Ideas Sell on Etsy Best Selling Items 2023 Digital Products Best Seller Digital Top Sellers Best Sellers,https://www.etsy.com/listing/1533250042/250-halloween-digital-product-ideas-sell,https://i.etsystatic.com/45372588/r/il/d1e734/5204544680/il_fullxfull.5204544680_ti7i.jpg,Brand,Helply,Offer,5.59,USD,5,13,0.99,USD
"How I make Over 10,000 a month Selling on Amazon: Learn how to sell on amazon and make a profit -#1 Best Seller Ebook -by YAMIE MICHELIN",https://www.etsy.com/listing/1295177512/how-i-make-over-10000-a-month-selling-on,https://i.etsystatic.com/32136125/r/il/6d184e/5115138908/il_fullxfull.5115138908_k87i.jpg,Brand,YamieMichelin,Offer,48.95,USD,4.7924,764,0.99,USD
Everything You Need To Know About Creating & Selling Editable Templates From Canva - Beginner&#39;s Guide - Make Passive Income,https://www.etsy.com/listing/1315356277/everything-you-need-to-know-about,https://i.etsystatic.com/31869606/r/il/1ee457/4207555376/il_fullxfull.4207555376_ijkp.jpg,Brand,ThatDigitalDarling,Offer,10.00,USD,4.7516,773,0.99,USD
"Genuine leather wallet, cobra mens wallet, three folds and 9 card slots, handmade products free shipping",https://www.etsy.com/listing/672365767/genuine-leather-wallet-cobra-mens-wallet,https://i.etsystatic.com/19192877/r/il/97decb/1782368963/il_fullxfull.1782368963_5c7e.jpg,Brand,IndoLeatherShop,Offer,49.99,USD,5,2,0.99,USD
"Crochet basket, plant basket, crochet basket perfect home decor, handmade small crochet basket, homeware, Best Selling Items.",https://www.etsy.com/listing/892913651/crochet-basket-plant-basket-crochet,https://i.etsystatic.com/23638947/r/il/fd2444/2668832541/il_fullxfull.2668832541_8mic.jpg,Brand,CamiCrochetDesigns,Offer,26.90,USD,5,49,0.99,USD
"HAPPIMESS Playroom Decor, wall art prints, Playroom Printable, Nursery Wall Art, Best Selling store, Kids Wall Art Printable, quote kids",https://www.etsy.com/listing/1158798807/happimess-playroom-decor-wall-art-prints,https://i.etsystatic.com/13006140/r/il/af21d5/3591007754/il_fullxfull.3591007754_7lvh.jpg,Brand,ArtPrintsFactory,Offer,5.00,USD,4.9349,15207,0.99,USD
"Goodnight Poem in Mint, Nursery Prints, Best Selling Art, Gender Neutral Nursery, Popular Printables. DIGITAL DOWNLOAD",https://www.etsy.com/listing/1560411561/goodnight-poem-in-mint-nursery-prints,https://i.etsystatic.com/6408804/r/il/bea284/5309729349/il_fullxfull.5309729349_lf5g.jpg,Brand,TinyArtClub,Offer,6.01,USD,5,3,6.01,USD
"It&#39;s A Beautiful Day To Sell A House Shirt, Real Estate Agent, Selling Homes Shirt, Real Estate Shirt, Real Estate Broker T-Shirt, Funny Tee",https://www.etsy.com/listing/1325365967/its-a-beautiful-day-to-sell-a-house,https://i.etsystatic.com/25041895/r/il/ac42f1/4252815404/il_fullxfull.4252815404_s2r6.jpg,Brand,EverythingAfterCo,Offer,29.99,USD,4.935,7169,6.01,USD
Coffee Netflix Lovers Tshirts Best selling Items Funny quote Printed Shirts Weekend coffee & Netflix Birthday Anniversary graduation Gift,https://www.etsy.com/listing/700190632/coffee-netflix-lovers-tshirts-best,https://i.etsystatic.com/19806877/r/il/65b32d/2254695039/il_fullxfull.2254695039_a56o.jpg,Brand,TindoraShop,Offer,30.95,USD,5,173,6.01,USD
Designer Snake Bracelet - Adjustable Openable Bracelet - Rose Gold Plated Cubic Zircon Bangle - Minimalist Bracelet - Best Selling Gift Idea,https://www.etsy.com/listing/1496424894/designer-snake-bracelet-adjustable,https://i.etsystatic.com/20673377/r/il/14cacb/5114029455/il_fullxfull.5114029455_ebey.jpg,Brand,luckyjewelsart,Offer,24.90,USD,4.7505,3323,6.01,USD
Custom pet portrait personalized Gifts for mom from daughter Best selling items handmade by Tania Top selling items Most sold items,https://www.etsy.com/listing/480732789/custom-pet-portrait-personalized-gifts,https://i.etsystatic.com/12268676/r/il/07b26f/1260593970/il_fullxfull.1260593970_t251.jpg,Brand,PetPortraitDrawing,Offer,34.99,USD,4.9733,347,6.01,USD
240 Digital Product Ideas to Sell on Etsy: The Ultimate Guide to Creating and Selling Profitable Digital Products That Sell High Demand,https://www.etsy.com/listing/1550932239/240-digital-product-ideas-to-sell-on,https://i.etsystatic.com/43083346/r/il/63e940/5265385959/il_fullxfull.5265385959_5tq0.jpg,Brand,MysticalArtNight,Offer,2.42,USD,5,4,6.01,USD
Master Resell Rights Digital Products Digital Downloads Best Sellers To Sell On Etsy With Included! Midjourney Prompts AI Prompts Etsy Shop,https://www.etsy.com/listing/1554589807/master-resell-rights-digital-products,https://i.etsystatic.com/45843102/r/il/ee3c3a/5315452481/il_fullxfull.5315452481_fkoi.jpg,Brand,ArtiCraftAI,Offer,3.99,USD,5,15,6.01,USD
"925 silver ring, devil ring, angel brass ring, men&#39;s ring, niche ring, delicate pendant, best selling style ring, vintage handmade products",https://www.etsy.com/listing/1179883510/925-silver-ring-devil-ring-angel-brass,https://i.etsystatic.com/27035606/r/il/ddebc3/3726099516/il_fullxfull.3726099516_pi3w.jpg,Brand,Ghostspirit,Offer,146.00,USD,4.7946,228,6.01,USD
"Handmade Ceramic Beads, Unique Beads Best Selling Items, Clay Jewelry Beads, Unusual Porcelain Beads, Decorative Oval Beads For Crafts",https://www.etsy.com/listing/901776261/handmade-ceramic-beads-unique-beads-best,https://i.etsystatic.com/7178834/r/il/d2b74e/2981479653/il_fullxfull.2981479653_k1w2.jpg,Brand,CeramicaAnaRafael,Offer,46.81,USD,4.9333,392,46.81,USD
Wood Sign | Quilt Block Sign | Farmhouse Style | Rustic Home Decor | Mini Wood Signs | Best Selling Items,https://www.etsy.com/listing/621959852/wood-sign-quilt-block-sign-farmhouse,https://i.etsystatic.com/5265326/r/il/d2aa39/1634711307/il_fullxfull.1634711307_1tn7.jpg,Brand,BlossomHillBoutique,Offer,27.00,USD,4.6471,553,46.81,USD
Pinterest Pin Minimalist Grey Templates  | Pin Mockup Canva Templates | Digital Products | Guides | Courses | Product Launch,https://www.etsy.com/listing/1456128125/pinterest-pin-minimalist-grey-templates,https://i.etsystatic.com/31285329/r/il/322a3c/4795825096/il_fullxfull.4795825096_5x4k.jpg,Brand,theSocialtwoShop,Offer,8.00,USD,4.9091,181,46.81,USD
Digital Products Digital Downloads Best Sellers To Sell On Etsy With Master Resell Rights Included! Midjourney Prompts AI Prompts Etsy Shop,https://www.etsy.com/listing/1540409432/digital-products-digital-downloads-best,https://i.etsystatic.com/45843102/r/il/316575/5241294182/il_fullxfull.5241294182_cbdc.jpg,Brand,ArtiCraftAI,Offer,9.99,USD,5,15,46.81,USD
"Crochet Bag For Woman And Girl, Crossbody Bag In Light Colour, Handmade Shoulder Bag, Elagant Handbag For Her, Best Selling Handmade Item",https://www.etsy.com/listing/1225748479/crochet-bag-for-woman-and-girl-crossbody,https://i.etsystatic.com/13598240/r/il/11c1d2/3848610784/il_fullxfull.3848610784_pc4g.jpg,Brand,LaverdureStudio,Offer,143.76,USD,4.8689,673,46.81,USD
100 Halloween Digital Product Ideas Sell on Etsy Best Selling Items 2023 Digital Products Best Seller Digital Top Sellers Best Sellers,https://www.etsy.com/listing/1547442387/100-halloween-digital-product-ideas-sell,https://i.etsystatic.com/45372588/r/il/14733d/5252764969/il_fullxfull.5252764969_pbeh.jpg,Brand,Helply,Offer,3.17,USD,5,13,46.81,USD
"Pink Floral Bouquet Garden Journal Hardcover Notebook, 5.75&quot;x8&quot; 150 Lined Pages, Best Selling Item Most Popular Item Trending Item Boho Chic",https://www.etsy.com/listing/1558001481/pink-floral-bouquet-garden-journal,https://i.etsystatic.com/8952192/r/il/e5f28d/5298238057/il_fullxfull.5298238057_e68x.jpg,Brand,RoseyJohnny,Offer,14.80,USD,5,3980,46.81,USD
"Love, Wall Decor,Trending,Art Prints,Instant Download,Printable Art,Wall Art Prints,Digital Prints, Best Selling Items,Best Selling Items",https://www.etsy.com/listing/488985520/love-wall-decortrendingart-printsinstant,https://i.etsystatic.com/14253538/r/il/c2bef1/1348479395/il_fullxfull.1348479395_d1gg.jpg,Brand,MorethanwordsDesign,Offer,1.99,USD,4.6875,274,46.81,USD
Trending now shell pearl choker. Pink pearl necklace best selling items. Statement necklace shell pearl beads. Mother of pearl flower choker,https://www.etsy.com/listing/1505230003/trending-now-shell-pearl-choker-pink,https://i.etsystatic.com/34532934/r/il/e23f2d/5208884478/il_fullxfull.5208884478_ib6x.jpg,Brand,BijouArtStudioDesign,Offer,26.00,USD,4.9167,42,26.00,USD
Digital Products Best Seller | Discover Over 200 Real Actionable Digital Product Ideas For Top Sellers + AI Bonus | Digital Products Hustle,https://www.etsy.com/listing/1552539065/digital-products-best-seller-discover,https://i.etsystatic.com/45843102/r/il/d19bb6/5233113246/il_fullxfull.5233113246_kzpb.jpg,Brand,ArtiCraftAI,Offer,4.99,USD,5,15,26.00,USD
Vintage Vegetables Food Notebook 118 Pages Best Selling Item Most Popular Item Trending Gifts Supplies Best Sellers Notebook Journal Rustic,https://www.etsy.com/listing/1553763817/vintage-vegetables-food-notebook-118,https://i.etsystatic.com/8952192/r/il/46af65/5229922096/il_fullxfull.5229922096_12nj.jpg,Brand,RoseyJohnny,Offer,12.82,USD,5,3980,26.00,USD
"Don&#39;t Stop, Motivational Art,Wall Decor,Trending,Art Prints,Instant Download,Printable Art,Wall Art,Digital Prints,Best Selling Items",https://www.etsy.com/listing/494391590/dont-stop-motivational-artwall,https://i.etsystatic.com/14253538/r/il/f2a25f/1433482537/il_fullxfull.1433482537_g6am.jpg,Brand,MorethanwordsDesign,Offer,1.99,USD,4.6875,274,26.00,USD
1000 Digital Product Ideas Sell on Etsy Best Selling Items 2023 Digital Products Best Seller Digital Top Sellers Passive Income Best Sellers,https://www.etsy.com/listing/1536437960/1000-digital-product-ideas-sell-on-etsy,https://i.etsystatic.com/45372588/r/il/ce076d/5215743488/il_fullxfull.5215743488_2gbc.jpg,Brand,Helply,Offer,16.09,USD,5,13,26.00,USD
"Best Selling Etsy Jewelry, Best Selling Bracelet, Magazine Featured Best Seller, HappyGoLicky Jewelry Silk Wrap Bracelet, Best Selling Gifts",https://www.etsy.com/listing/281497910/best-selling-etsy-jewelry-best-selling,https://i.etsystatic.com/5288022/r/il/96b0c8/612553215/il_fullxfull.612553215_ms24.jpg,Brand,HappyGoLicky,Offer,58.00,USD,4.914,8139,26.00,USD
Folded Book Art - Unique Gift For Book Lover - Home Decor - Book Sculpture - Library -  Best Selling - Your Choice of Words -,https://www.etsy.com/listing/126188889/folded-book-art-unique-gift-for-book,https://i.etsystatic.com/6711540/r/il/295b7c/437053449/il_fullxfull.437053449_e1dz.jpg,Brand,LucianaFrigerio,Offer,120.00,USD,4.9896,1744,26.00,USD
"187 Product Ideas for 2023, Small Business Ideas, Best Selling Product Ideas, New Product Ideas 2023 Plan, Physical Product Ideas",https://www.etsy.com/listing/1367832654/187-product-ideas-for-2023-small,https://i.etsystatic.com/7456355/r/il/588373/5199615053/il_fullxfull.5199615053_47bd.jpg,Brand,AttentionGetting,Offer,6.50,USD,4.8571,5771,26.00,USD
250 Digital Product Ideas Sell on Etsy Best Selling Items 2023 Digital Products Best Seller Digital Top Sellers Passive Income Best Sellers,https://www.etsy.com/listing/1550643087/250-digital-product-ideas-sell-on-etsy,https://i.etsystatic.com/45372588/r/il/76d59d/5264038899/il_fullxfull.5264038899_t4sd.jpg,Brand,Helply,Offer,5.59,USD,5,13,2.80,USD
"Chill,New Home,Printable Wall Art,Instant Download,Home Decor,Trending,Art Prints,Printable Art,Wall Art,Decor,Art,Best Selling Items",https://www.etsy.com/listing/507879855/chillnew-homeprintable-wall-artinstant,https://i.etsystatic.com/14253538/r/il/0a0b36/1522770791/il_fullxfull.1522770791_mj8p.jpg,Brand,MorethanwordsDesign,Offer,1.99,USD,4.6875,274,2.80,USD
Book Art - Best Selling Item -  Inspirational Quote - Unique Present - Book Lover - Handmade - Inspire - Or Your Choice of Words,https://www.etsy.com/listing/153524145/book-art-best-selling-item-inspirational,https://i.etsystatic.com/6711540/r/il/a3f8bb/414814182/il_fullxfull.414814182_jtbs.jpg,Brand,LucianaFrigerio,Offer,180.00,USD,4.9896,1744,2.80,USD
"Etsy top sellers, Etsy best sellers 2023 Photography. 3 pdf files for quick analysis for Etsy seller. Best selling items, most popular shops",https://www.etsy.com/listing/1171140767/etsy-top-sellers-etsy-best-sellers-2023,https://i.etsystatic.com/13226272/r/il/286cc2/5023263952/il_fullxfull.5023263952_ncpq.jpg,Brand,HowToSellCrafts,Offer,2.99,USD,4.7917,683,2.80,USD
"Etsy Best Sellers, Best Selling Etsy Jewelry, Best Jewelry Sellers, Best Selling Jewelry, HappyGoLicky Jewelry Best Selling Necklaces",https://www.etsy.com/listing/472096248/etsy-best-sellers-best-selling-etsy,https://i.etsystatic.com/5288022/r/il/f465fc/812932539/il_fullxfull.812932539_o9cc.jpg,Brand,HappyGoLicky,Offer,68.00,USD,4.914,8139,2.80,USD
"Etsy Best Sellers, Best Selling Etsy Jewelry, Best Jewelry Sellers, Best Selling Jewelry, Bohemian Jewelry Best Selling Necklaces",https://www.etsy.com/listing/1324157872/etsy-best-sellers-best-selling-etsy,https://i.etsystatic.com/28170748/r/il/fe7d39/3789849593/il_fullxfull.3789849593_csck.jpg,Brand,PrimitivaWorld,Offer,46.81,USD,4.8023,192,2.80,USD
Stocking stuffer for women - POCKET MIRROR - best selling items handmade mom gifts best seller women stocking stuffer mom women gift,https://www.etsy.com/listing/125765980/stocking-stuffer-for-women-pocket-mirror,https://i.etsystatic.com/5117032/r/il/2a2e07/435473496/il_fullxfull.435473496_6xil.jpg,Brand,boygirlparty,Offer,6.00,USD,4.9921,17948,2.80,USD
Top  500 Selling items in Canada -Canadian selling shops on Etsy - Top selling items Canada,https://www.etsy.com/listing/1258278702/top-500-selling-items-in-canada-canadian,https://i.etsystatic.com/19583842/r/il/330615/4028830408/il_fullxfull.4028830408_g454.jpg,Brand,KawaiiMonk,Offer,6.57,USD,4.8892,3066,2.80,USD
Etsy best sellers. 50 Etsy TOP sellers 2023. Best selling items on Etsy 5 PDF files in the set,https://www.etsy.com/listing/714682332/etsy-best-sellers-50-etsy-top-sellers,https://i.etsystatic.com/13226272/r/il/212c85/4838479312/il_fullxfull.4838479312_t06w.jpg,Brand,HowToSellCrafts,Offer,2.99,USD,4.7917,683,2.99,USD
Best Selling Items Handmade Best Friend Gifts Rustic Holiday Decor Mothers Day Gifts Popular Right Now Unique Long Distance Relationship,https://www.etsy.com/listing/1234524775/best-selling-items-handmade-best-friend,https://i.etsystatic.com/11161803/r/il/7dcdfa/3961951189/il_fullxfull.3961951189_axk0.jpg,Brand,witheyesunlocked,Offer,25.99,USD,4.9624,6327,2.99,USD
"Etsy Best Sellers, Best Selling Etsy Jewelry, Best Jewelry Sellers, Best Selling Jewelry, Bohemian Jewelry, Handmade Jewelry,",https://www.etsy.com/listing/1397519769/etsy-best-sellers-best-selling-etsy,https://i.etsystatic.com/28170748/r/il/c1d6ee/3938342391/il_fullxfull.3938342391_pdak.jpg,Brand,PrimitivaWorld,Offer,41.23,USD,4.8023,192,2.99,USD
"How to Sell Digital Products and Templates on Etsy,  Step by step Guide to selling Digital Products and Templates, Planner, Journal, How To",https://www.etsy.com/listing/1297863928/how-to-sell-digital-products-and,https://i.etsystatic.com/31886090/r/il/795d9b/4391396963/il_fullxfull.4391396963_bvhz.jpg,Brand,Quirkystuffandco,Offer,7.99,USD,4.6176,109,2.99,USD
"Best Selling Jewelry, Best Etsy Jewelry, Etsy&#39;s Best Selling Jewelry, Compass Necklace, Best Seller Necklaces, Silver Necklace Best Sellers",https://www.etsy.com/listing/281498686/best-selling-jewelry-best-etsy-jewelry,https://i.etsystatic.com/5288022/r/il/2bc077/1026939501/il_fullxfull.1026939501_corr.jpg,Brand,HappyGoLicky,Offer,49.00,USD,4.914,8139,2.99,USD
Direct Sales Business Building Bundle | All My Best-Selling Products to Grow Your Direct Sales Business,https://www.etsy.com/listing/1405382313/direct-sales-business-building-bundle,https://i.etsystatic.com/25284851/r/il/7e0882/4572014360/il_fullxfull.4572014360_st8z.jpg,Brand,AmyJoLoveDesigns,Offer,59.99,USD,4.5889,181,2.99,USD
Original Signed Acrylic Painting on Canvas; AMBEDO: An Embrace of Nothingness,https://www.etsy.com/listing/1189033211/original-signed-acrylic-painting-on,https://i.etsystatic.com/5575882/r/il/f2f5b3/3755063357/il_fullxfull.3755063357_9ti2.jpg,Brand,mellonfineart,Offer,2149.00,USD,4.9667,413,2.99,USD
"925-Sterling Silver Ring,Antique Silver Ring, Thumb Ring ,Band Ring,Amazing Beautiful Ring Girls Ring Gift For Her Cyber Week Sale",https://www.etsy.com/listing/733389656/925-sterling-silver-ringantique-silver,https://i.etsystatic.com/11130209/r/il/32503d/4511284300/il_fullxfull.4511284300_2rre.jpg,Brand,ShreeJaipurSilver925,Offer,62.89,USD,4.7375,13789,2.99,USD
"Kids art COMMERCIAL LICENSE for SMALL shops, Set of 6 learning prints, Commercial use kids decor, print and sell, set of posters, school",https://www.etsy.com/listing/1368986049/kids-art-commercial-license-for-small,https://i.etsystatic.com/13006140/r/il/af3897/4477039491/il_fullxfull.4477039491_h8qf.jpg,Brand,ArtPrintsFactory,Offer,120.00,USD,4.9349,15207,48.00,USD
Designer Butterfly Charm Bracelet - Adjustable Openable Bracelet - Rose Gold Plated Cubic Zircon Minimalist Bracelet -Best Selling Gift Idea,https://www.etsy.com/listing/1510603193/designer-butterfly-charm-bracelet,https://i.etsystatic.com/20673377/r/il/1d947f/5114103305/il_fullxfull.5114103305_1hcd.jpg,Brand,luckyjewelsart,Offer,24.90,USD,4.7505,3323,48.00,USD
"Garnet necklace with crystal pendant best selling items. Trending now gemstone choker. Everyday necklace, beaded choker aesthetic necklace",https://www.etsy.com/listing/1340864991/garnet-necklace-with-crystal-pendant,https://i.etsystatic.com/34532934/r/il/9b03a5/5262408847/il_fullxfull.5262408847_n3w5.jpg,Brand,BijouArtStudioDesign,Offer,45.00,USD,4.9167,42,48.00,USD
Digital Product Kit Etsy Bestsellers List Start a Business Passive Income Course PLR Canva Templates Done For You Products Ideas SideHustles,https://www.etsy.com/listing/1501622708/digital-product-kit-etsy-bestsellers,https://i.etsystatic.com/37419054/r/il/137876/5052837942/il_fullxfull.5052837942_sysj.jpg,Brand,Soulemyshop,Offer,9.99,USD,4.8514,175,48.00,USD
Sunshine Metal Jewelry Cleaning & Polishing Cloth | Best Selling Tarnish Removal | Jewelry Care and Maintenance,https://www.etsy.com/listing/523344070/sunshine-metal-jewelry-cleaning,https://i.etsystatic.com/10859384/r/il/85f98f/2898515114/il_fullxfull.2898515114_gjyd.jpg,Brand,LayersByDesign,Offer,3.75,USD,4.9493,1174,48.00,USD
"1000 Digital Products Ideas For Moms Edition, Passive Income Mom, Best-Selling Printables, Start Selling Digital Products on Etsy FREE Today",https://www.etsy.com/listing/1515557942/1000-digital-products-ideas-for-moms,https://i.etsystatic.com/41605496/r/il/203f5d/5118499710/il_fullxfull.5118499710_1amd.jpg,Brand,CraftyBusinessLover,Offer,7.80,USD,5,1,48.00,USD
"Enamel pin fox pin, trending now, most popular item, best sellers, top selling items, top selling shops, popular right now, most sold items",https://www.etsy.com/listing/259237770/enamel-pin-fox-pin-trending-now-most,https://i.etsystatic.com/5117032/r/il/36b114/3534745217/il_fullxfull.3534745217_ne0l.jpg,Brand,boygirlparty,Offer,10.00,USD,4.9921,17948,48.00,USD
"Claude Monet Bridge Over a Pond of Water Lilies in Monet Garden, Famous Art Prints, Monet Digital Download, Monet Painting Vintage Poster",https://www.etsy.com/listing/1453096347/claude-monet-bridge-over-a-pond-of-water,https://i.etsystatic.com/37368784/r/il/344ad1/4782442054/il_fullxfull.4782442054_bxw9.jpg,Brand,WallArtGalaxy,Offer,7.58,USD,4.7727,22,48.00,USD
Halloween Etsy Digital Product ideas 100 digital product ideas to sell on etsy products list of 100 digital products that sell High demand,https://www.etsy.com/listing/1520118856/halloween-etsy-digital-product-ideas-100,https://i.etsystatic.com/43305966/r/il/19e9f5/5187460755/il_fullxfull.5187460755_eylz.jpg,Brand,ShansIdeaOutlet,Offer,1.93,USD,4.8036,224,1.54,USD
"Ghost BOO! Svg File, Best Selling Product for Cricut",https://www.etsy.com/listing/1518525893/ghost-boo-svg-file-best-selling-product,https://i.etsystatic.com/13419319/r/il/acec31/5068048148/il_fullxfull.5068048148_eysh.jpg,Brand,Kukaiart1,Offer,2.00,USD,5,8,1.54,USD
Spooky vibes ghost tshirt / Cute free spirit pastel Halloween tee shirt / Best selling shirts for women / Whimsigoth aesthetic clothing,https://www.etsy.com/listing/1540844639/spooky-vibes-ghost-tshirt-cute-free,https://i.etsystatic.com/24944523/r/il/a3c444/5204001662/il_fullxfull.5204001662_orgg.jpg,Brand,Albrite360,Offer,22.99,USD,4.8159,523,1.54,USD
"Circuit Board Coasters Set - Personalized PCB Gift for Geeky Home Decor, Unique for Gamers and Tech Enthusiasts",https://www.etsy.com/listing/1506745367/circuit-board-coasters-set-personalized,https://i.etsystatic.com/41495379/r/il/8d7f6b/5014031754/il_fullxfull.5014031754_qthy.jpg,Brand,SharingGardenofGrace,Offer,28.55,USD,4.8947,19,1.54,USD
"Dark Forest Red Full Moon Tumbler Wraps For Sublimations Designs, Halloween Fall Season 20oz Skinny Tumbler Digital downloads PNG",https://www.etsy.com/listing/1514921610/dark-forest-red-full-moon-tumbler-wraps,https://i.etsystatic.com/44076714/r/il/e04ec5/5115654962/il_fullxfull.5115654962_2wbf.jpg,Brand,DigitalNestEgg,Offer,3.97,USD,5,40,1.54,USD
"The Best Sellers Collection: Set Of Three Prints, Top Selling Prints, Most Popular Prints, Black And White Photography, London Street Photo",https://www.etsy.com/listing/926712241/the-best-sellers-collection-set-of-three,https://i.etsystatic.com/11702343/r/il/ead163/2788210307/il_fullxfull.2788210307_5obc.jpg,Brand,AmadeusLong,Offer,46.54,USD,4.8182,99,1.54,USD
"1000 Digital Product Ideas for Passive Income,  Etsy Digital Download Success, Small Business Ideas, Digital Product Best Seller, 2023",https://www.etsy.com/listing/1554551917/1000-digital-product-ideas-for-passive,https://i.etsystatic.com/46396596/r/il/431741/5281788513/il_fullxfull.5281788513_862z.jpg,Brand,digitalrichesemma,Offer,1.55,USD,,,1.54,USD
"Flower necklace with rose birth month flower best selling items. Trending now birth flower jewelry, gold plated necklace, aesthetic necklace",https://www.etsy.com/listing/1535017878/flower-necklace-with-rose-birth-month,https://i.etsystatic.com/34532934/r/il/522697/4838176266/il_fullxfull.4838176266_9urs.jpg,Brand,BijouArtStudioDesign,Offer,26.00,USD,4.9167,42,1.54,USD
Etsy Product Planner | Etsy Etsy Shop Listing Planner | Etsy SEO Planner | Selling on Etsy | How to Start an Etsy Shop | Instant Download,https://www.etsy.com/listing/787582422/etsy-product-planner-etsy-etsy-shop,https://i.etsystatic.com/22967218/r/il/062212/2359693219/il_fullxfull.2359693219_42o2.jpg,Brand,MarketingTemplatesCo,Offer,9.99,USD,4.815,2344,3.00,USD
"Farm digital paper, yellow tractor, polka dots, stripes, plaid, tractor birthday, commercial use, scrapbook papers, D505",https://www.etsy.com/listing/694712155/farm-digital-paper-yellow-tractor-polka,https://i.etsystatic.com/8549149/r/il/b71c81/1876373847/il_fullxfull.1876373847_fzos.jpg,Brand,LittlePandaDigitals,Offer,1.25,USD,4.912,5738,3.00,USD
Seneca Quote Print ~ Words To Live By ~ Seneca Quote ~ Famous Quotes ~ Quotes About Life ~ Best Selling Art ~ DIGITAL PRODUCT,https://www.etsy.com/listing/1446752144/seneca-quote-print-words-to-live-by,https://i.etsystatic.com/41234143/r/il/88e4e5/4816312760/il_fullxfull.4816312760_2fmn.jpg,Brand,FlowStatePrintStudio,Offer,6.85,USD,5,2,3.00,USD
Mint Natural Lip Balm Chapstick | Peppermint lip balm | Charlotte&#39;s Lab | top selling items | natural skincare,https://www.etsy.com/listing/600353119/mint-natural-lip-balm-chapstick,https://i.etsystatic.com/11558881/r/il/c132cf/1495068044/il_fullxfull.1495068044_rsyw.jpg,Brand,CharlottesLab,Offer,6.01,USD,4.8939,679,3.00,USD
Best Seller! Pheromones Formula- Pumpkin & Lavender Perfume Oil with Pheromones- Roll On Perfume- Gift for Friend- Handmade,https://www.etsy.com/listing/118375301/best-seller-pheromones-formula-pumpkin,https://i.etsystatic.com/6643836/r/il/ab0ff6/3309615311/il_fullxfull.3309615311_py5b.jpg,Brand,shopbelleandblaire,Offer,24.00,USD,4.9005,3812,3.00,USD
"Succulent earrings, succulent jewelry, popular right now, stud earrings, hypoallergenic, best selling items, gift for her, boho jewelry",https://www.etsy.com/listing/653378835/succulent-earrings-succulent-jewelry,https://i.etsystatic.com/18644795/r/il/0c23fa/1798505540/il_fullxfull.1798505540_bn7i.jpg,Brand,JWDesignsByBrittney,Offer,12.00,USD,4.9714,380,3.00,USD
How To Sell On Etsy | Etsy Seller Account | Etsy Sellers Guide | 40 Free Etsy Listings | How To Sell Digital Products On Etsy.,https://www.etsy.com/listing/1373679304/how-to-sell-on-etsy-etsy-seller-account,https://i.etsystatic.com/37592348/r/il/4752f2/4543793159/il_fullxfull.4543793159_b78d.jpg,Brand,SparklingSouth,Offer,4.00,USD,4.6969,320,3.00,USD
"best selling mugs,best selling items,top selling items",https://www.etsy.com/listing/1539420322/best-selling-mugsbest-selling-itemstop,https://i.etsystatic.com/45087657/r/il/26aeb1/5277799061/il_fullxfull.5277799061_jw2c.jpg,Brand,AvaJae512,Offer,24.83,USD,4.8571,7,3.00,USD
PNG Sublimation File - Retro Floral Mama Digital Product Commercial Personal,https://www.etsy.com/listing/1505086364/png-sublimation-file-retro-floral-mama,https://i.etsystatic.com/44546051/r/il/92875a/5071142550/il_fullxfull.5071142550_25ij.jpg,Brand,SamannaOliverDesigns,Offer,1.50,USD,3.5,2,1.50,USD
"Chios Mastiha / Mastic Gum  Medium Tears, 10g / 0.35 Oz Bag. Product of Chios, Greece. Best selling Brand in the US.",https://www.etsy.com/listing/827134322/chios-mastiha-mastic-gum-medium-tears,https://i.etsystatic.com/21289008/r/il/093715/5043343519/il_fullxfull.5043343519_3p7y.jpg,Brand,HestiaFoods,Offer,9.98,USD,4.8182,276,1.50,USD
Best-selling Etsy jewelry /Trendy heishi necklaces 9 colors,https://www.etsy.com/listing/990816920/best-selling-etsy-jewelry-trendy-heishi,https://i.etsystatic.com/19081110/r/il/edb5a6/3076026493/il_fullxfull.3076026493_lawd.jpg,Brand,INVICTUSB,Offer,22.28,USD,4.528,548,1.50,USD
"Queen, Freddie. Art, Print, Spiral Notebook, Best Selling Items, Back to School",https://www.etsy.com/listing/655037948/queen-freddie-art-print-spiral-notebook,https://i.etsystatic.com/17454206/r/il/bff581/1723656116/il_fullxfull.1723656116_3r9h.jpg,Brand,Savaq,Offer,20.99,USD,5,460,1.50,USD
Leather Bangle - Picasso Seed Bead Bracelet - Womens Bracelet - Everyday Bracelet - Stacking Bracelet  - Best Selling Item - Choose 1 Charm,https://www.etsy.com/listing/240754244/leather-bangle-picasso-seed-bead,https://i.etsystatic.com/5454415/r/il/59bb5c/803014004/il_fullxfull.803014004_am80.jpg,Brand,DesignsbyNoa,Offer,24.95,USD,4.8,872,1.50,USD
How I make Over 100 a month Selling on ETSY: Learn how to sell on etsy and make a profit - 0% Etsy Ads # 1Best Seller Ebook,https://www.etsy.com/listing/1563868441/how-i-make-over-100-a-month-selling-on,https://i.etsystatic.com/43288804/r/il/db1a21/5325782595/il_fullxfull.5325782595_37e3.jpg,Brand,BookCaseCo,Offer,57.44,USD,3.3333,9,1.50,USD
Irish Coffee Mug | Best Sellers 2022 | Gifts For Him Christmas Whiskey | Stoneware,https://www.etsy.com/listing/1309359829/irish-coffee-mug-best-sellers-2022-gifts,https://i.etsystatic.com/25912950/r/il/7b9cda/4190749912/il_fullxfull.4190749912_gudm.jpg,Brand,EastJabipVintage,Offer,15.98,USD,4.6923,22,1.50,USD
"Let Your Faith Be Bigger Than Your Fears shirt,Christian Apparel,Religious Tee,Women&#39;s Grateful Shirt,Christian Shirt,Faith Hope Love Shirt",https://www.etsy.com/listing/913151512/let-your-faith-be-bigger-than-your-fears,https://i.etsystatic.com/25604089/r/il/19dd91/2789325827/il_fullxfull.2789325827_fdyo.jpg,Brand,CustomTeaShirt,Offer,14.99,USD,4.8504,54886,1.50,USD
